username,first_name,last_name,ID,branch_id
lfullard0,Lyndel,Fullard,895-03-7109,1
etregian1,Elita,Tregian,518-02-1324,2
egraeser2,Ewell,Graeser,512-27-2840,3
rgrimmer3,Rhoda,Grimmer,552-43-5338,4
cfinch4,Cristin,Finch,235-56-9472,5
rkivlehan5,Rorke,Kivlehan,113-78-5383,6
ijannings6,Ingemar,Jannings,357-37-7369,7
emurtimer7,Ethelind,Murtimer,518-07-5599,8
hpittman8,Haley,Pittman,719-60-1768,9
wfoxcroft9,Wain,Foxcroft,554-46-5554,10
dmowsleya,Daffi,Mowsley,439-38-8945,11
ibillingtonb,Idaline,Billington,139-12-1305,12
hkovacsc,Haywood,Kovacs,378-55-0698,13
wsentanced,Wendell,Sentance,709-98-5566,14
lblewette,Leonie,Blewett,284-46-8555,15
switnallf,Shanta,Witnall,549-52-8218,16
ctrevethang,Cyndi,Trevethan,111-24-0822,17
bsherratth,Beale,Sherratt,149-91-8264,18
nbubbi,Nani,Bubb,179-01-5734,19
acradduckj,Annabal,Cradduck,554-19-6399,20
oshovlink,Ogden,Shovlin,180-67-1327,21
zlunckl,Zena,Lunck,281-15-0062,22
mingledewm,Mechelle,Ingledew,218-20-4136,23
jbattissonn,Jason,Battisson,203-77-9650,24
mrainero,Millard,Rainer,500-71-6804,25
pbruinsp,Peirce,Bruins,775-83-5775,26
dmuirheadq,Daffi,Muirhead,852-18-4508,27
fredmondr,Fulvia,Redmond,824-27-1900,28
gcamplings,Giulio,Campling,860-71-8174,29
mpadkint,Mercie,Padkin,421-98-1104,30
bdecourcyu,Base,Decourcy,446-95-8084,31
aboutcherv,Aldin,Boutcher,688-66-4019,32
cwhittenburyw,Cthrine,Whittenbury,778-10-6564,33
aabramchikx,Aylmer,Abramchik,603-50-2061,34
cprewery,Cherey,Prewer,816-65-1884,35
mhalbertz,Marena,Halbert,749-32-0812,36
fmoffett10,Fabe,Moffett,859-71-4887,37
cgrenter11,Charlene,Grenter,608-21-9923,38
bbigley12,Birch,Bigley,237-88-7047,39
gmattson13,Geri,Mattson,541-16-2765,40
kcradduck14,Kaylyn,Cradduck,185-86-3659,41
hsavory15,Hamlen,Savory,167-39-4521,42
hcrucetti16,Hyman,Crucetti,350-14-7097,43
cphilippault17,Cloris,Philippault,222-74-2794,44
nthowes18,Nessa,Thowes,767-27-6654,45
cdevonald19,Carolynn,Devonald,846-78-8847,46
gmackowle1a,Garner,MacKowle,395-34-6557,47
bswinden1b,Becky,Swinden,215-78-2898,48
lgerritzen1c,Lorenza,Gerritzen,194-73-1286,49
kjoscelyn1d,Kacie,Joscelyn,747-36-7820,50
fhumbles1e,Fidel,Humbles,220-66-0027,51
clummis1f,Cherrita,Lummis,460-76-3423,52
klaurens1g,Kristyn,Laurens,198-67-0656,53
kthurlby1h,Katina,Thurlby,758-25-7683,54
wdovidaitis1i,Willard,Dovidaitis,854-03-8631,55
mgillan1j,Mersey,Gillan,317-49-3494,56
wfrere1k,Weber,Frere,889-67-0699,57
amattedi1l,Anallese,Mattedi,334-12-8973,58
sjunifer1m,Steffen,Junifer,544-10-0784,59
esilveston1n,Esma,Silveston,789-21-8523,60
mbathowe1o,Marshal,Bathowe,346-65-3357,61
pbooler1p,Phyllida,Booler,511-99-5255,62
fbarchrameev1q,Frances,Barchrameev,178-63-4242,63
gwarcop1r,Gunar,Warcop,383-07-1529,64
kshoebottom1s,Katleen,Shoebottom,830-66-6501,65
cabrahamovitz1t,Car,Abrahamovitz,830-41-7561,66
fmiddler1u,Fallon,Middler,276-66-1139,67
dslimings1v,Donny,Slimings,499-54-6343,68
jofallowne1w,Josephina,O'Fallowne,237-68-8883,69
dkersaw1x,Denis,Kersaw,408-84-5212,70
nadicot1y,Nicolle,Adicot,764-80-8351,71
pjosskovitz1z,Page,Josskovitz,432-77-7634,72
aoroan20,Adi,O'Roan,246-43-1901,73
mstappard21,Madelina,Stappard,289-13-0205,74
groke22,Guendolen,Roke,676-13-0475,75
ndispencer23,Nonah,Dispencer,626-31-8901,76
rregus24,Reinold,Regus,687-05-0551,77
apulver25,Alyss,Pulver,782-55-7832,78
sattrie26,Stirling,Attrie,826-68-3929,79
chunstone27,Claybourne,Hunstone,563-22-5141,80
ehusselbee28,Estele,Husselbee,404-82-4871,81
arangall29,Ashlee,Rangall,797-62-8158,82
tdawidsohn2a,Tate,Dawidsohn,671-44-4206,83
glivesley2b,Garnette,Livesley,761-59-2704,84
pwavish2c,Perry,Wavish,819-95-5548,85
acoger2d,Alma,Coger,571-72-2910,86
vverden2e,Verge,Verden,259-67-5944,87
emcgavin2f,Emlyn,McGavin,315-96-0487,88
lcawood2g,Lucila,Cawood,219-33-7662,89
rbartolini2h,Rupert,Bartolini,416-34-5519,90
rangelo2i,Rosalind,Angelo,828-37-7818,91
aoliff2j,Andris,Oliff,658-89-3593,92
jaddeycott2k,Javier,Addeycott,688-50-4031,93
rtookill2l,Roddie,Tookill,885-79-4997,94
dsnazle2m,Darci,Snazle,615-58-3995,95
eslamaker2n,Esdras,Slamaker,279-80-1674,96
wbrideoke2o,Wake,Brideoke,292-59-5460,97
sknatt2p,Steffi,Knatt,469-76-1892,98
aaugustin2q,Abbi,Augustin,334-01-6485,99
bflaunders2r,Bess,Flaunders,199-27-8527,100